Workbook

Sheet 仪表板
A1: ="生产 KPI 仪表板 · "&设置!B3&" · "&TEXT(设置!B4,"yyyy-mm") -> 生产 KPI 仪表板 · A 线 · 2026-10
A2: 根据「每日记录」自动更新，请勿在此输入。
E3: 停机 Pareto | K3: 辅助列（请勿修改）
A4: 月度汇总 | E4: # | F4: 原因 | G4: 分钟 | H4: 占比 | I4: 累计占比
A5: 记录天数 | B5: =COUNT(每日记录!C2:C32) -> 22 | E5: 1 | F5: =IF(G5=0,"-",INDEX($K$5:$K$12,MATCH(LARGE($L$5:$L$12,E5),$L$5:$L$12,0))) -> 故障 | G5: =ROUND(LARGE($L$5:$L$12,E5),0) -> 320 | H5: =IFERROR(G5/SUM($G$5:$G$12),0) -> 0.4 | I5: =SUM($H$5:H5) -> 0.4 | K5: =设置!A13 -> 故障 | L5: =IF(COUNT(停机记录!C2:C301)>0,SUMIFS(停机记录!C2:C301,停机记录!B2:B301,K5),SUMIFS(每日记录!C2:C32,每日记录!F2:F32,K5))+ROW()/100000 -> 320.00005
A6: 良品总数 | B6: =SUM(每日记录!E2:E32) -> 15287 | E6: 2 | F6: =IF(G6=0,"-",INDEX($K$5:$K$12,MATCH(LARGE($L$5:$L$12,E6),$L$5:$L$12,0))) -> 等料 | G6: =ROUND(LARGE($L$5:$L$12,E6),0) -> 265 | H6: =IFERROR(G6/SUM($G$5:$G$12),0) -> 0.33125 | I6: =SUM($H$5:H6) -> 0.73125 | K6: =设置!A14 -> 换线 | L6: =IF(COUNT(停机记录!C2:C301)>0,SUMIFS(停机记录!C2:C301,停机记录!B2:B301,K6),SUMIFS(每日记录!C2:C32,每日记录!F2:F32,K6))+ROW()/100000 -> 100.00006
A7: 目标 | B7: =COUNT(每日记录!C2:C32)*设置!B7 -> 17160 | E7: 3 | F7: =IF(G7=0,"-",INDEX($K$5:$K$12,MATCH(LARGE($L$5:$L$12,E7),$L$5:$L$12,0))) -> 换线 | G7: =ROUND(LARGE($L$5:$L$12,E7),0) -> 100 | H7: =IFERROR(G7/SUM($G$5:$G$12),0) -> 0.125 | I7: =SUM($H$5:H7) -> 0.85625 | K7: =设置!A15 -> 等料 | L7: =IF(COUNT(停机记录!C2:C301)>0,SUMIFS(停机记录!C2:C301,停机记录!B2:B301,K7),SUMIFS(每日记录!C2:C32,每日记录!F2:F32,K7))+ROW()/100000 -> 265.00007
A8: 达成率 | B8: =IFERROR(B6/B7,0) -> 0.89085082 | E8: 4 | F8: =IF(G8=0,"-",INDEX($K$5:$K$12,MATCH(LARGE($L$5:$L$12,E8),$L$5:$L$12,0))) -> 小停机 | G8: =ROUND(LARGE($L$5:$L$12,E8),0) -> 75 | H8: =IFERROR(G8/SUM($G$5:$G$12),0) -> 0.09375 | I8: =SUM($H$5:H8) -> 0.95 | K8: =设置!A16 -> 缺人 | L8: =IF(COUNT(停机记录!C2:C301)>0,SUMIFS(停机记录!C2:C301,停机记录!B2:B301,K8),SUMIFS(每日记录!C2:C32,每日记录!F2:F32,K8))+ROW()/100000 -> 40.00008
A9: 稼动率 | B9: =IFERROR(SUM(每日记录!H2:H32)/SUM(每日记录!B2:B32),0) -> 0.91919192 | E9: 5 | F9: =IF(G9=0,"-",INDEX($K$5:$K$12,MATCH(LARGE($L$5:$L$12,E9),$L$5:$L$12,0))) -> 缺人 | G9: =ROUND(LARGE($L$5:$L$12,E9),0) -> 40 | H9: =IFERROR(G9/SUM($G$5:$G$12),0) -> 0.05 | I9: =SUM($H$5:H9) -> 1 | K9: =设置!A17 -> 质量隔离 | L9: =IF(COUNT(停机记录!C2:C301)>0,SUMIFS(停机记录!C2:C301,停机记录!B2:B301,K9),SUMIFS(每日记录!C2:C32,每日记录!F2:F32,K9))+ROW()/100000 -> 9e-05
A10: 性能率 | B10: =IFERROR(设置!B6*SUM(每日记录!D2:D32)/(SUM(每日记录!H2:H32)*60),0) -> 0.85686813 | E10: 6 | F10: =IF(G10=0,"-",INDEX($K$5:$K$12,MATCH(LARGE($L$5:$L$12,E10),$L$5:$L$12,0))) -> - | G10: =ROUND(LARGE($L$5:$L$12,E10),0) -> 0 | H10: =IFERROR(G10/SUM($G$5:$G$12),0) -> 0 | I10: =SUM($H$5:H10) -> 1 | K10: =设置!A18 -> 计划保养 | L10: =IF(COUNT(停机记录!C2:C301)>0,SUMIFS(停机记录!C2:C301,停机记录!B2:B301,K10),SUMIFS(每日记录!C2:C32,每日记录!F2:F32,K10))+ROW()/100000 -> 0.0001
A11: 良率 | B11: =IFERROR(SUM(每日记录!E2:E32)/SUM(每日记录!D2:D32),0) -> 0.98025008 | E11: 7 | F11: =IF(G11=0,"-",INDEX($K$5:$K$12,MATCH(LARGE($L$5:$L$12,E11),$L$5:$L$12,0))) -> - | G11: =ROUND(LARGE($L$5:$L$12,E11),0) -> 0 | H11: =IFERROR(G11/SUM($G$5:$G$12),0) -> 0 | I11: =SUM($H$5:H11) -> 1 | K11: =设置!A19 -> 小停机 | L11: =IF(COUNT(停机记录!C2:C301)>0,SUMIFS(停机记录!C2:C301,停机记录!B2:B301,K11),SUMIFS(每日记录!C2:C32,每日记录!F2:F32,K11))+ROW()/100000 -> 75.00011
A12: OEE | B12: =B9*B10*B11 -> 0.77207071 | E12: 8 | F12: =IF(G12=0,"-",INDEX($K$5:$K$12,MATCH(LARGE($L$5:$L$12,E12),$L$5:$L$12,0))) -> - | G12: =ROUND(LARGE($L$5:$L$12,E12),0) -> 0 | H12: =IFERROR(G12/SUM($G$5:$G$12),0) -> 0 | I12: =SUM($H$5:H12) -> 1 | K12: =设置!A20 -> 其他 | L12: =IF(COUNT(停机记录!C2:C301)>0,SUMIFS(停机记录!C2:C301,停机记录!B2:B301,K12),SUMIFS(每日记录!C2:C32,每日记录!F2:F32,K12))+ROW()/100000 -> 0.00012
A13: OEE 目标 | B13: =设置!B8 -> 0.75
A14: 报废率 | B14: =IFERROR(SUM(每日记录!O2:O32)/SUM(每日记录!D2:D32),0) -> 0.01974992 | E14: 先解决前 1–2 个原因，它们通常占了大部分损失。
A15: 停机（小时） | B15: =SUM(每日记录!C2:C32)/60 -> 13.333333
A16: 最大损失 | B16: =IFERROR(INDEX($F$5:$F$12,1),"-") -> 故障

Sheet 使用说明
A1: 生产 KPI 仪表板
A2: 老鱼说（@laoyu.talks）免费模板 · laoyutalks-max.github.io/laoyutalks-content-brain
A4: 使用方法
A5: 1. 在「设置」填写产线名称、月份开始日期、每天计划生产时间、理想节拍和目标。
A6: 2. 每天在「每日记录」填写黄色格：停机分钟、总产量、良品数和主要停机原因。
A7: 3. （可选）在「停机记录」记录每次停机的原因与时长，Pareto 会更准确。
A8: 4. 「仪表板」会自动更新。白色格是公式，请不要在里面输入。
A10: 图例
A11: 黄色格 = 输入你的数据
A12: 蓝色字 = 示例数据（2026 年 10 月），请替换成你自己的数据。
A14: 定义
A15: 稼动率 = 运行时间 ÷ 计划时间（运行时间 = 计划时间 − 停机时间）
... A22: 稼动率高但产量没变，通常是速度损失或小停机。要看性能率，而不只是稼动率。

Sheet 设置
A1: 设置
A3: 产线 / 区域 | B3: A 线 | C3: 显示在仪表板上的名称
A4: 月份开始日期 | B4: 46296 | C4: 你要追踪的月份第一天
A5: 每天计划生产时间（分钟） | B5: 450 | C5: 班次时间减去计划休息。示例：8 小时班次减 30 分钟休息
A6: 理想节拍（秒/件） | B6: 30 | C6: 这个产品已验证的最快节拍（示例值）
A7: 每日产量目标（良品） | B7: 780 | C7: 示例目标
A8: OEE 目标 | B8: 0.75 | C8: 示例目标。85% 常被称为世界级水平，请为你的产线设定实际可行的目标
A9: 报废率目标 | B9: 0.02 | C9: 示例目标
A12: 停机原因（可按你的产线修改）
A13: 故障
A14: 换线
A15: 等料
A16: 缺人
A17: 质量隔离
A18: 计划保养
A19: 小停机
A20: 其他

Sheet 每日记录
A1: 日期 | B1: 计划时间（分钟） | C1: 停机（分钟） | D1: 总产量 | E1: 良品数 | F1: 主要停机原因 | G1: 备注 | H1: 运行时间（分钟） | I1: 稼动率 | J1: 性能率 | K1: 良率 | L1: OEE | M1: 目标 | N1: 达成率 | O1: 报废数 | P1: 报废率
A2: =设置!$B$4+0 -> 46296 | B2: =IF(C2="","",设置!$B$5) -> 450 | C2: 30 | D2: 774 | E2: 760 | F2: 故障 | H2: =IF(C2="","",B2-C2) -> 420 | I2: =IF(C2="","",IFERROR(H2/B2,0)) -> 0.93333333 | J2: =IF(C2="","",IFERROR(设置!$B$6*D2/(H2*60),0)) -> 0.92142857 | K2: =IF(C2="","",IFERROR(E2/D2,0)) -> 0.98191214 | L2: =IF(C2="","",I2*J2*K2) -> 0.84444444 | M2: =IF(C2="","",设置!$B$7) -> 780 | N2: =IF(C2="","",IFERROR(E2/M2,0)) -> 0.97435897 | O2: =IF(C2="","",D2-E2) -> 14 | P2: =IF(C2="","",IFERROR(O2/D2,0)) -> 0.018087855
A3: =设置!$B$4+1 -> 46297 | B3: =IF(C3="","",设置!$B$5) -> 450 | C3: 45 | D3: 643 | E3: 628 | F3: 小停机 | H3: =IF(C3="","",B3-C3) -> 405 | I3: =IF(C3="","",IFERROR(H3/B3,0)) -> 0.9 | J3: =IF(C3="","",IFERROR(设置!$B$6*D3/(H3*60),0)) -> 0.79382716 | K3: =IF(C3="","",IFERROR(E3/D3,0)) -> 0.97667185 | L3: =IF(C3="","",I3*J3*K3) -> 0.69777778 | M3: =IF(C3="","",设置!$B$7) -> 780 | N3: =IF(C3="","",IFERROR(E3/M3,0)) -> 0.80512821 | O3: =IF(C3="","",D3-E3) -> 15 | P3: =IF(C3="","",IFERROR(O3/D3,0)) -> 0.023328149
A4: =设置!$B$4+2 -> 46298 | B4: =IF(C4="","",设置!$B$5) | H4: =IF(C4="","",B4-C4) | I4: =IF(C4="","",IFERROR(H4/B4,0)) | J4: =IF(C4="","",IFERROR(设置!$B$6*D4/(H4*60),0)) | K4: =IF(C4="","",IFERROR(E4/D4,0)) | L4: =IF(C4="","",I4*J4*K4) | M4: =IF(C4="","",设置!$B$7) | N4: =IF(C4="","",IFERROR(E4/M4,0)) | O4: =IF(C4="","",D4-E4) | P4: =IF(C4="","",IFERROR(O4/D4,0))
A5: =设置!$B$4+3 -> 46299 | B5: =IF(C5="","",设置!$B$5) | H5: =IF(C5="","",B5-C5) | I5: =IF(C5="","",IFERROR(H5/B5,0)) | J5: =IF(C5="","",IFERROR(设置!$B$6*D5/(H5*60),0)) | K5: =IF(C5="","",IFERROR(E5/D5,0)) | L5: =IF(C5="","",I5*J5*K5) | M5: =IF(C5="","",设置!$B$7) | N5: =IF(C5="","",IFERROR(E5/M5,0)) | O5: =IF(C5="","",D5-E5) | P5: =IF(C5="","",IFERROR(O5/D5,0))
A6: =设置!$B$4+4 -> 46300 | B6: =IF(C6="","",设置!$B$5) -> 450 | C6: 40 | D6: 644 | E6: 632 | F6: 故障 | H6: =IF(C6="","",B6-C6) -> 410 | I6: =IF(C6="","",IFERROR(H6/B6,0)) -> 0.91111111 | J6: =IF(C6="","",IFERROR(设置!$B$6*D6/(H6*60),0)) -> 0.78536585 | K6: =IF(C6="","",IFERROR(E6/D6,0)) -> 0.98136646 | L6: =IF(C6="","",I6*J6*K6) -> 0.70222222 | M6: =IF(C6="","",设置!$B$7) -> 780 | N6: =IF(C6="","",IFERROR(E6/M6,0)) -> 0.81025641 | O6: =IF(C6="","",D6-E6) -> 12 | P6: =IF(C6="","",IFERROR(O6/D6,0)) -> 0.01863354
A7: =设置!$B$4+5 -> 46301 | B7: =IF(C7="","",设置!$B$5) -> 450 | C7: 25 | D7: 733 | E7: 726 | F7: 等料 | H7: =IF(C7="","",B7-C7) -> 425 | I7: =IF(C7="","",IFERROR(H7/B7,0)) -> 0.94444444 | J7: =IF(C7="","",IFERROR(设置!$B$6*D7/(H7*60),0)) -> 0.86235294 | K7: =IF(C7="","",IFERROR(E7/D7,0)) -> 0.9904502 | L7: =IF(C7="","",I7*J7*K7) -> 0.80666667 | M7: =IF(C7="","",设置!$B$7) -> 780 | N7: =IF(C7="","",IFERROR(E7/M7,0)) -> 0.93076923 | O7: =IF(C7="","",D7-E7) -> 7 | P7: =IF(C7="","",IFERROR(O7/D7,0)) -> 0.0095497954
A8: =设置!$B$4+6 -> 46302 | B8: =IF(C8="","",设置!$B$5) -> 450 | C8: 40 | D8: 717 | E8: 700 | F8: 故障 | H8: =IF(C8="","",B8-C8) -> 410 | I8: =IF(C8="","",IFERROR(H8/B8,0)) -> 0.91111111 | J8: =IF(C8="","",IFERROR(设置!$B$6*D8/(H8*60),0)) -> 0.87439024 | K8: =IF(C8="","",IFERROR(E8/D8,0)) -> 0.9762901 | L8: =IF(C8="","",I8*J8*K8) -> 0.77777778 | M8: =IF(C8="","",设置!$B$7) -> 780 | N8: =IF(C8="","",IFERROR(E8/M8,0)) -> 0.8974359 | O8: =IF(C8="","",D8-E8) -> 17 | P8: =IF(C8="","",IFERROR(O8/D8,0)) -> 0.023709902
A9: =设置!$B$4+7 -> 46303 | B9: =IF(C9="","",设置!$B$5) -> 450 | C9: 90 | D9: 604 | E9: 584 | F9: 故障 | H9: =IF(C9="","",B9-C9) -> 360 | I9: =IF(C9="","",IFERROR(H9/B9,0)) -> 0.8 | J9: =IF(C9="","",IFERROR(设置!$B$6*D9/(H9*60),0)) -> 0.83888889 | K9: =IF(C9="","",IFERROR(E9/D9,0)) -> 0.96688742 | L9: =IF(C9="","",I9*J9*K9) -> 0.64888889 | M9: =IF(C9="","",设置!$B$7) -> 780 | N9: =IF(C9="","",IFERROR(E9/M9,0)) -> 0.74871795 | O9: =IF(C9="","",D9-E9) -> 20 | P9: =IF(C9="","",IFERROR(O9/D9,0)) -> 0.033112583
A10: =设置!$B$4+8 -> 46304 | B10: =IF(C10="","",设置!$B$5) -> 450 | C10: 35 | D10: 683 | E10: 675 | F10: 故障 | H10: =IF(C10="","",B10-C10) -> 415 | I10: =IF(C10="","",IFERROR(H10/B10,0)) -> 0.92222222 | J10: =IF(C10="","",IFERROR(设置!$B$6*D10/(H10*60),0)) -> 0.82289157 | K10: =IF(C10="","",IFERROR(E10/D10,0)) -> 0.98828697 | L10: =IF(C10="","",I10*J10*K10) -> 0.75 | M10: =IF(C10="","",设置!$B$7) -> 780 | N10: =IF(C10="","",IFERROR(E10/M10,0)) -> 0.86538462 | O10: =IF(C10="","",D10-E10) -> 8 | P10: =IF(C10="","",IFERROR(O10/D10,0)) -> 0.011713031
A11: =设置!$B$4+9 -> 46305 | B11: =IF(C11="","",设置!$B$5) | H11: =IF(C11="","",B11-C11) | I11: =IF(C11="","",IFERROR(H11/B11,0)) | J11: =IF(C11="","",IFERROR(设置!$B$6*D11/(H11*60),0)) | K11: =IF(C11="","",IFERROR(E11/D11,0)) | L11: =IF(C11="","",I11*J11*K11) | M11: =IF(C11="","",设置!$B$7) | N11: =IF(C11="","",IFERROR(E11/M11,0)) | O11: =IF(C11="","",D11-E11) | P11: =IF(C11="","",IFERROR(O11/D11,0))
A12: =设置!$B$4+10 -> 46306 | B12: =IF(C12="","",设置!$B$5) | H12: =IF(C12="","",B12-C12) | I12: =IF(C12="","",IFERROR(H12/B12,0)) | J12: =IF(C12="","",IFERROR(设置!$B$6*D12/(H12*60),0)) | K12: =IF(C12="","",IFERROR(E12/D12,0)) | L12: =IF(C12="","",I12*J12*K12) | M12: =IF(C12="","",设置!$B$7) | N12: =IF(C12="","",IFERROR(E12/M12,0)) | O12: =IF(C12="","",D12-E12) | P12: =IF(C12="","",IFERROR(O12/D12,0))
A13: =设置!$B$4+11 -> 46307 | B13: =IF(C13="","",设置!$B$5) -> 450 | C13: 55 | D13: 682 | E13: 664 | F13: 故障 | H13: =IF(C13="","",B13-C13) -> 395 | I13: =IF(C13="","",IFERROR(H13/B13,0)) -> 0.87777778 | J13: =IF(C13="","",IFERROR(设置!$B$6*D13/(H13*60),0)) -> 0.86329114 | K13: =IF(C13="","",IFERROR(E13/D13,0)) -> 0.97360704 | L13: =IF(C13="","",I13*J13*K13) -> 0.73777778 | M13: =IF(C13="","",设置!$B$7) -> 780 | N13: =IF(C13="","",IFERROR(E13/M13,0)) -> 0.85128205 | O13: =IF(C13="","",D13-E13) -> 18 | P13: =IF(C13="","",IFERROR(O13/D13,0)) -> 0.026392962
A14: =设置!$B$4+12 -> 46308 | B14: =IF(C14="","",设置!$B$5) -> 450 | C14: 90 | D14: 630 | E14: 619 | F14: 等料 | H14: =IF(C14="","",B14-C14) -> 360 | I14: =IF(C14="","",IFERROR(H14/B14,0)) -> 0.8 | J14: =IF(C14="","",IFERROR(设置!$B$6*D14/(H14*60),0)) -> 0.875 | K14: =IF(C14="","",IFERROR(E14/D14,0)) -> 0.98253968 | L14: =IF(C14="","",I14*J14*K14) -> 0.68777778 | M14: =IF(C14="","",设置!$B$7) -> 780 | N14: =IF(C14="","",IFERROR(E14/M14,0)) -> 0.79358974 | O14: =IF(C14="","",D14-E14) -> 11 | P14: =IF(C14="","",IFERROR(O14/D14,0)) -> 0.017460317
A15: =设置!$B$4+13 -> 46309 | B15: =IF(C15="","",设置!$B$5) -> 450 | C15: 25 | D15: 734 | E15: 716 | F15: 等料 | H15: =IF(C15="","",B15-C15) -> 425 | I15: =IF(C15="","",IFERROR(H15/B15,0)) -> 0.94444444 | J15: =IF(C15="","",IFERROR(设置!$B$6*D15/(H15*60),0)) -> 0.86352941 | K15: =IF(C15="","",IFERROR(E15/D15,0)) -> 0.97547684 | L15: =IF(C15="","",I15*J15*K15) -> 0.79555556 | M15: =IF(C15="","",设置!$B$7) -> 780 | N15: =IF(C15="","",IFERROR(E15/M15,0)) -> 0.91794872 | O15: =IF(C15="","",D15-E15) -> 18 | P15: =IF(C15="","",IFERROR(O15/D15,0)) -> 0.024523161
A16: =设置!$B$4+14 -> 46310 | B16: =IF(C16="","",设置!$B$5) -> 450 | C16: 45 | D16: 683 | E16: 672 | F16: 等料 | H16: =IF(C16="","",B16-C16) -> 405 | I16: =IF(C16="","",IFERROR(H16/B16,0)) -> 0.9 | J16: =IF(C16="","",IFERROR(设置!$B$6*D16/(H16*60),0)) -> 0.84320988 | K16: =IF(C16="","",IFERROR(E16/D16,0)) -> 0.98389458 | L16: =IF(C16="","",I16*J16*K16) -> 0.74666667 | M16: =IF(C16="","",设置!$B$7) -> 780 | N16: =IF(C16="","",IFERROR(E16/M16,0)) -> 0.86153846 | O16: =IF(C16="","",D16-E16) -> 11 | P16: =IF(C16="","",IFERROR(O16/D16,0)) -> 0.016105417
A17: =设置!$B$4+15 -> 46311 | B17: =IF(C17="","",设置!$B$5) -> 450 | C17: 15 | D17: 725 | E17: 715 | F17: 故障 | H17: =IF(C17="","",B17-C17) -> 435 | I17: =IF(C17="","",IFERROR(H17/B17,0)) -> 0.96666667 | J17: =IF(C17="","",IFERROR(设置!$B$6*D17/(H17*60),0)) -> 0.83333333 | K17: =IF(C17="","",IFERROR(E17/D17,0)) -> 0.9862069 | L17: =IF(C17="","",I17*J17*K17) -> 0.79444444 | M17: =IF(C17="","",设置!$B$7) -> 780 | N17: =IF(C17="","",IFERROR(E17/M17,0)) -> 0.91666667 | O17: =IF(C17="","",D17-E17) -> 10 | P17: =IF(C17="","",IFERROR(O17/D17,0)) -> 0.013793103
A18: =设置!$B$4+16 -> 46312 | B18: =IF(C18="","",设置!$B$5) | H18: =IF(C18="","",B18-C18) | I18: =IF(C18="","",IFERROR(H18/B18,0)) | J18: =IF(C18="","",IFERROR(设置!$B$6*D18/(H18*60),0)) | K18: =IF(C18="","",IFERROR(E18/D18,0)) | L18: =IF(C18="","",I18*J18*K18) | M18: =IF(C18="","",设置!$B$7) | N18: =IF(C18="","",IFERROR(E18/M18,0)) | O18: =IF(C18="","",D18-E18) | P18: =IF(C18="","",IFERROR(O18/D18,0))
A19: =设置!$B$4+17 -> 46313 | B19: =IF(C19="","",设置!$B$5) | H19: =IF(C19="","",B19-C19) | I19: =IF(C19="","",IFERROR(H19/B19,0)) | J19: =IF(C19="","",IFERROR(设置!$B$6*D19/(H19*60),0)) | K19: =IF(C19="","",IFERROR(E19/D19,0)) | L19: =IF(C19="","",I19*J19*K19) | M19: =IF(C19="","",设置!$B$7) | N19: =IF(C19="","",IFERROR(E19/M19,0)) | O19: =IF(C19="","",D19-E19) | P19: =IF(C19="","",IFERROR(O19/D19,0))
A20: =设置!$B$4+18 -> 46314 | B20: =IF(C20="","",设置!$B$5) -> 450 | C20: 40 | D20: 649 | E20: 639 | F20: 等料 | H20: =IF(C20="","",B20-C20) -> 410 | I20: =IF(C20="","",IFERROR(H20/B20,0)) -> 0.91111111 | J20: =IF(C20="","",IFERROR(设置!$B$6*D20/(H20*60),0)) -> 0.79146341 | K20: =IF(C20="","",IFERROR(E20/D20,0)) -> 0.98459168 | L20: =IF(C20="","",I20*J20*K20) -> 0.71 | M20: =IF(C20="","",设置!$B$7) -> 780 | N20: =IF(C20="","",IFERROR(E20/M20,0)) -> 0.81923077 | O20: =IF(C20="","",D20-E20) -> 10 | P20: =IF(C20="","",IFERROR(O20/D20,0)) -> 0.01540832
A21: =设置!$B$4+19 -> 46315 | B21: =IF(C21="","",设置!$B$5) -> 450 | C21: 30 | D21: 747 | E21: 736 | F21: 小停机 | H21: =IF(C21="","",B21-C21) -> 420 | I21: =IF(C21="","",IFERROR(H21/B21,0)) -> 0.93333333 | J21: =IF(C21="","",IFERROR(设置!$B$6*D21/(H21*60),0)) -> 0.88928571 | K21: =IF(C21="","",IFERROR(E21/D21,0)) -> 0.98527443 | L21: =IF(C21="","",I21*J21*K21) -> 0.81777778 | M21: =IF(C21="","",设置!$B$7) -> 780 | N21: =IF(C21="","",IFERROR(E21/M21,0)) -> 0.94358974 | O21: =IF(C21="","",D21-E21) -> 11 | P21: =IF(C21="","",IFERROR(O21/D21,0)) -> 0.014725569
A22: =设置!$B$4+20 -> 46316 | B22: =IF(C22="","",设置!$B$5) -> 450 | C22: 25 | D22: 728 | E22: 719 | F22: 换线 | H22: =IF(C22="","",B22-C22) -> 425 | I22: =IF(C22="","",IFERROR(H22/B22,0)) -> 0.94444444 | J22: =IF(C22="","",IFERROR(设置!$B$6*D22/(H22*60),0)) -> 0.85647059 | K22: =IF(C22="","",IFERROR(E22/D22,0)) -> 0.98763736 | L22: =IF(C22="","",I22*J22*K22) -> 0.79888889 | M22: =IF(C22="","",设置!$B$7) -> 780 | N22: =IF(C22="","",IFERROR(E22/M22,0)) -> 0.92179487 | O22: =IF(C22="","",D22-E22) -> 9 | P22: =IF(C22="","",IFERROR(O22/D22,0)) -> 0.012362637
A23: =设置!$B$4+21 -> 46317 | B23: =IF(C23="","",设置!$B$5) -> 450 | C23: 15 | D23: 733 | E23: 709 | F23: 故障 | H23: =IF(C23="","",B23-C23) -> 435 | I23: =IF(C23="","",IFERROR(H23/B23,0)) -> 0.96666667 | J23: =IF(C23="","",IFERROR(设置!$B$6*D23/(H23*60),0)) -> 0.84252874 | K23: =IF(C23="","",IFERROR(E23/D23,0)) -> 0.96725784 | L23: =IF(C23="","",I23*J23*K23) -> 0.78777778 | M23: =IF(C23="","",设置!$B$7) -> 780 | N23: =IF(C23="","",IFERROR(E23/M23,0)) -> 0.90897436 | O23: =IF(C23="","",D23-E23) -> 24 | P23: =IF(C23="","",IFERROR(O23/D23,0)) -> 0.032742156
A24: =设置!$B$4+22 -> 46318 | B24: =IF(C24="","",设置!$B$5) -> 450 | C24: 45 | D24: 701 | E24: 679 | F24: 换线 | H24: =IF(C24="","",B24-C24) -> 405 | I24: =IF(C24="","",IFERROR(H24/B24,0)) -> 0.9 | J24: =IF(C24="","",IFERROR(设置!$B$6*D24/(H24*60),0)) -> 0.8654321 | K24: =IF(C24="","",IFERROR(E24/D24,0)) -> 0.96861626 | L24: =IF(C24="","",I24*J24*K24) -> 0.75444444 | M24: =IF(C24="","",设置!$B$7) -> 780 | N24: =IF(C24="","",IFERROR(E24/M24,0)) -> 0.87051282 | O24: =IF(C24="","",D24-E24) -> 22 | P24: =IF(C24="","",IFERROR(O24/D24,0)) -> 0.031383738
A25: =设置!$B$4+23 -> 46319 | B25: =IF(C25="","",设置!$B$5) | H25: =IF(C25="","",B25-C25) | I25: =IF(C25="","",IFERROR(H25/B25,0)) | J25: =IF(C25="","",IFERROR(设置!$B$6*D25/(H25*60),0)) | K25: =IF(C25="","",IFERROR(E25/D25,0)) | L25: =IF(C25="","",I25*J25*K25) | M25: =IF(C25="","",设置!$B$7) | N25: =IF(C25="","",IFERROR(E25/M25,0)) | O25: =IF(C25="","",D25-E25) | P25: =IF(C25="","",IFERROR(O25/D25,0))
A26: =设置!$B$4+24 -> 46320 | B26: =IF(C26="","",设置!$B$5) | H26: =IF(C26="","",B26-C26) | I26: =IF(C26="","",IFERROR(H26/B26,0)) | J26: =IF(C26="","",IFERROR(设置!$B$6*D26/(H26*60),0)) | K26: =IF(C26="","",IFERROR(E26/D26,0)) | L26: =IF(C26="","",I26*J26*K26) | M26: =IF(C26="","",设置!$B$7) | N26: =IF(C26="","",IFERROR(E26/M26,0)) | O26: =IF(C26="","",D26-E26) | P26: =IF(C26="","",IFERROR(O26/D26,0))
A27: =设置!$B$4+25 -> 46321 | B27: =IF(C27="","",设置!$B$5) -> 450 | C27: 30 | D27: 730 | E27: 713 | F27: 换线 | H27: =IF(C27="","",B27-C27) -> 420 | I27: =IF(C27="","",IFERROR(H27/B27,0)) -> 0.93333333 | J27: =IF(C27="","",IFERROR(设置!$B$6*D27/(H27*60),0)) -> 0.86904762 | K27: =IF(C27="","",IFERROR(E27/D27,0)) -> 0.97671233 | L27: =IF(C27="","",I27*J27*K27) -> 0.79222222 | M27: =IF(C27="","",设置!$B$7) -> 780 | N27: =IF(C27="","",IFERROR(E27/M27,0)) -> 0.91410256 | O27: =IF(C27="","",D27-E27) -> 17 | P27: =IF(C27="","",IFERROR(O27/D27,0)) -> 0.023287671
A28: =设置!$B$4+26 -> 46322 | B28: =IF(C28="","",设置!$B$5) -> 450 | C28: 25 | D28: 783 | E28: 767 | F28: 缺人 | H28: =IF(C28="","",B28-C28) -> 425 | I28: =IF(C28="","",IFERROR(H28/B28,0)) -> 0.94444444 | J28: =IF(C28="","",IFERROR(设置!$B$6*D28/(H28*60),0)) -> 0.92117647 | K28: =IF(C28="","",IFERROR(E28/D28,0)) -> 0.97956577 | L28: =IF(C28="","",I28*J28*K28) -> 0.85222222 | M28: =IF(C28="","",设置!$B$7) -> 780 | N28: =IF(C28="","",IFERROR(E28/M28,0)) -> 0.98333333 | O28: =IF(C28="","",D28-E28) -> 16 | P28: =IF(C28="","",IFERROR(O28/D28,0)) -> 0.020434227
A29: =设置!$B$4+27 -> 46323 | B29: =IF(C29="","",设置!$B$5) -> 450 | C29: 20 | D29: 765 | E29: 753 | F29: 等料 | H29: =IF(C29="","",B29-C29) -> 430 | I29: =IF(C29="","",IFERROR(H29/B29,0)) -> 0.95555556 | J29: =IF(C29="","",IFERROR(设置!$B$6*D29/(H29*60),0)) -> 0.88953488 | K29: =IF(C29="","",IFERROR(E29/D29,0)) -> 0.98431373 | L29: =IF(C29="","",I29*J29*K29) -> 0.83666667 | M29: =IF(C29="","",设置!$B$7) -> 780 | N29: =IF(C29="","",IFERROR(E29/M29,0)) -> 0.96538462 | O29: =IF(C29="","",D29-E29) -> 12 | P29: =IF(C29="","",IFERROR(O29/D29,0)) -> 0.015686275
A30: =设置!$B$4+28 -> 46324 | B30: =IF(C30="","",设置!$B$5) -> 450 | C30: 15 | D30: 715 | E30: 702 | F30: 缺人 | H30: =IF(C30="","",B30-C30) -> 435 | I30: =IF(C30="","",IFERROR(H30/B30,0)) -> 0.96666667 | J30: =IF(C30="","",IFERROR(设置!$B$6*D30/(H30*60),0)) -> 0.82183908 | K30: =IF(C30="","",IFERROR(E30/D30,0)) -> 0.98181818 | L30: =IF(C30="","",I30*J30*K30) -> 0.78 | M30: =IF(C30="","",设置!$B$7) -> 780 | N30: =IF(C30="","",IFERROR(E30/M30,0)) -> 0.9 | O30: =IF(C30="","",D30-E30) -> 13 | P30: =IF(C30="","",IFERROR(O30/D30,0)) -> 0.018181818
A31: =设置!$B$4+29 -> 46325 | B31: =IF(C31="","",设置!$B$5) -> 450 | C31: 20 | D31: 792 | E31: 779 | F31: 等料 | H31: =IF(C31="","",B31-C31) -> 430 | I31: =IF(C31="","",IFERROR(H31/B31,0)) -> 0.95555556 | J31: =IF(C31="","",IFERROR(设置!$B$6*D31/(H31*60),0)) -> 0.92093023 | K31: =IF(C31="","",IFERROR(E31/D31,0)) -> 0.98358586 | L31: =IF(C31="","",I31*J31*K31) -> 0.86555556 | M31: =IF(C31="","",设置!$B$7) -> 780 | N31: =IF(C31="","",IFERROR(E31/M31,0)) -> 0.99871795 | O31: =IF(C31="","",D31-E31) -> 13 | P31: =IF(C31="","",IFERROR(O31/D31,0)) -> 0.016414141
A32: =设置!$B$4+30 -> 46326 | B32: =IF(C32="","",设置!$B$5) | H32: =IF(C32="","",B32-C32) | I32: =IF(C32="","",IFERROR(H32/B32,0)) | J32: =IF(C32="","",IFERROR(设置!$B$6*D32/(H32*60),0)) | K32: =IF(C32="","",IFERROR(E32/D32,0)) | L32: =IF(C32="","",I32*J32*K32) | M32: =IF(C32="","",设置!$B$7) | N32: =IF(C32="","",IFERROR(E32/M32,0)) | O32: =IF(C32="","",D32-E32) | P32: =IF(C32="","",IFERROR(O32/D32,0))

Sheet 停机记录
A1: 日期 | B1: 原因 | C1: 分钟 | D1: 设备 / 工位 | E1: 备注
